[{"model": "home.profile", "pk": 1, "fields": {"desc": "This bio represents the points a user will make to attract potential employers as a first impression.", "designation": "Full-Stack Web Developer", "addr": "Iran, Tehran", "link": "linkedin"}}, {"model": "home.profileabout", "pk": 1, "fields": {"about": "Lorem ipsum dolor sit amet, consectetur adipiscing elit. Maecenas a sodales ante. Sed ligula sem, pulvinar nec eleifend non, ultricies ut augue. Ut a turpis eget tortor placerat condimentum interdum nec dui. Phasellus laoreet lorem orci, quis pellentesque sapien tristique id. Nulla facilisi. Praesent rutrum ipsum a pellentesque dignissim. Fusce venenatis blandit lorem, eget facilisis neque vehicula sit amet. Suspendisse aliquam ac purus a sodales. Sed fringilla metus vehicula, convallis orci sed, commodo est. Integer varius odio odio, in convallis orci commodo ac. Etiam tortor urna, dapibus eget massa sit amet, tempor placerat velit. Maecenas ut justo eget mauris finibus sollicitudin imperdiet sit amet nisl. Maecenas vitae placerat ex. Nam hendrerit tincidunt bibendum. Nam viverra ligula a eros lacinia, eu luctus purus facilisis. Suspendisse porta commodo massa, non blandit metus dictum at.\r\n\r\n\r\nCras fermentum quis nunc a dictum. Pellentesque quis mauris sed orci tempor dictum vel at diam. In sagittis tellus sed consequat semper. Nulla ac viverra est, non luctus augue. Suspendisse leo metus, laoreet vitae diam at, ornare bibendum lectus. In vel mi ligula. Phasellus at ex at turpis porttitor rhoncus sit amet hendrerit nibh. Nulla ornare lacinia eros in pretium. Praesent quis purus leo. Sed vitae rutrum nisi. Fusce iaculis eu tellus id elementum. Morbi sed nisl ut libero tempor finibus. Proin commodo justo id mauris bibendum pretium. Vivamus molestie ligula nec scelerisque placerat. Vestibulum id feugiat dui.\r\n\r\nPellentesque habitant morbi tristique senectus et netus et malesuada fames ac turpis egestas. Proin a aliquam tortor, a scelerisque augue. Quisque pretium nulla eu scelerisque ornare. Vestibulum in ipsum nec erat sollicitudin ultrices. Aliquam molestie facilisis ante, et efficitur dui sollicitudin sit amet. Aliquam nec feugiat sapien. Curabitur iaculis magna a elit malesuada ultricies. Duis vehicula vulputate ligula. Phasellus at ipsum venenatis, mattis orci quis, semper tortor. Integer sodales eros urna, sit amet tempus neque molestie a. Donec consectetur, elit a porttitor varius, massa sapien consectetur velit, facilisis facilisis erat tellus eu orci. Quisque sapien sem, ornare sit amet suscipit at, porttitor sit amet metus. Phasellus ut lectus quis erat lacinia iaculis.\r\n\r\n\r\n\r\nSuspendisse sagittis justo a sapien consequat feugiat. Quisque a sapien a est volutpat lacinia. Vivamus commodo eros a vulputate lacinia. Cras eu neque euismod, malesuada neque lacinia, facilisis nisi. Nulla facilisi. Duis eget ullamcorper ligula, sed efficitur massa. Aliquam lacinia at lacus non luctus. Nullam rhoncus luctus velit ut luctus.\r\n\r\n\r\n\r\nNullam lobortis nisl sed mauris pretium mollis. Sed sagittis nec massa sit amet lobortis. Nunc malesuada tincidunt sapien id volutpat. Sed ac orci nec dolor consequat blandit. Curabitur sodales scelerisque luctus. Cras commodo faucibus turpis in malesuada. Aenean eget arcu fermentum, viverra lectus eu, egestas mauris. Quisque ornare ipsum nec iaculis molestie. Ut ornare ultrices purus ac rhoncus. Vestibulum ligula odio, faucibus eu nunc a, euismod tempus justo. Duis tellus tortor, posuere et justo non, tempor posuere dui. Sed non tortor sodales, faucibus nibh ac, vestibulum justo."}}, {"model": "home.profilepic", "pk": 1, "fields": {"profile_pic": "pics/My_Computer.png"}}, {"model": "home.jobpost", "pk": 1, "fields": {"position": "Lead Engineer", "institution": "Google", "employment_type": "temporary", "location": "Canada, Ontario", "pay": 20000, "img": "pics/Google_Cz5ekiJ.png", "user": 1, "desc": "This job requires the following requirements:\r\n\r\n1) Minimum 5 years experience\r\n2) Bachelors degree in C.S\r\n3) Can Rock Climb\r\n4) Can use multiple straws at the same time while drinking", "date": "2021-08-10T20:40:10.217Z"}}, {"model": "home.jobpost", "pk": 2, "fields": {"position": "Management", "institution": "Google", "employment_type": "full-time", "location": "California", "pay": 30000, "img": "pics/Google_wG48fR8.png", "user": 1, "desc": "This job requires the following requirements:\r\n\r\n1) Minimum 5 years experience\r\n2) Bachelors degree in C.S\r\n3) Can Rock Climb\r\n4) Can use multiple straws at the same time while drinking", "date": "2021-08-10T21:30:49.988Z"}}, {"model": "home.jobpost", "pk": 3, "fields": {"position": "Designer", "institution": "Samsung", "employment_type": "full-time", "location": "Korea, Seoul", "pay": 30000, "img": "pics/Pictures_7tph2sf.png", "user": 2, "desc": "This job requires the following requirements:\r\n\r\n1) Minimum 5 years experience\r\n2) Bachelors degree in C.S\r\n3) Can Rock Climb\r\n4) Can use multiple straws at the same time while drinking", "date": "2021-08-11T09:30:22.442Z"}}, {"model": "home.jobpost", "pk": 4, "fields": {"position": "Aerospace Engineer", "institution": "NASA", "employment_type": "contract", "location": "California", "pay": 17, "img": "pics/Recycle.png", "user": null, "desc": "<p>This job requires the following requirements:</p>\r\n\r\n<p>1) Minimum 5 years experience<br />\r\n2) Bachelors degree in C.S<br />\r\n3) Can Rock Climb<br />\r\n4) Can use multiple straws at the same time while drinking<br />\r\n&nbsp;</p>", "date": "2021-08-11T21:29:55.903Z"}}, {"model": "home.jobpost", "pk": 5, "fields": {"position": "Civil Engineer", "institution": "ARAC", "employment_type": "full-time", "location": "Iraq, Baghdad", "pay": 300, "img": "pics/My_Documents_OTjfkLJ.png", "user": null, "desc": "<p><strong>This job requires the following requirements:</strong></p>\r\n\r\n<p>1) Minimum 5 years experience<br />\r\n2) Bachelors degree in C.S<br />\r\n3) Can Rock Climb<br />\r\n4) Can use multiple straws at the same time while drinking</p>\r\n\r\n<p>Lorem ipsum dolor sit amet, consectetur adipiscing elit. Maecenas a sodales ante. Sed ligula sem, pulvinar nec eleifend non, ultricies ut augue. Ut a turpis eget tortor placerat condimentum interdum nec dui. Phasellus laoreet lorem orci, quis pellentesque sapien tristique id. Nulla facilisi. Praesent rutrum ipsum a pellentesque dignissim.</p>\r\n\r\n<p>&nbsp;</p>\r\n\r\n<p>&nbsp;</p>", "date": "2021-08-11T21:34:34.545Z"}}, {"model": "home.jobpost", "pk": 7, "fields": {"position": "Mechanical Engineer", "institution": "NASA", "employment_type": "full-time", "location": "Iraq, Baghdad", "pay": 4535, "img": "pics/kntu_AwKjPyI.png", "user": 1, "desc": "<p>This job requires the following requirements:</p>\r\n\r\n<p>1) Minimum 5 years experience<br />\r\n2) Bachelors degree in C.S<br />\r\n3) Can Rock Climb<br />\r\n4) Can use multiple straws at the same time while drinking<br />\r\n&nbsp;</p>", "date": "2021-08-18T13:46:26.409Z"}}, {"model": "home.jobpost", "pk": 8, "fields": {"position": "Designer", "institution": "ARAC", "employment_type": "part-time", "location": "Iraq, Baghdad", "pay": 7888888, "img": "pics/kntu_PUHfXLd.png", "user": 1, "desc": "<p>This job requires the following requirements:</p>\r\n\r\n<p>1) Minimum 5 years experience<br />\r\n2) Bachelors degree in C.S<br />\r\n3) Can Rock Climb<br />\r\n4) Can use multiple straws at the same time while drinking<br />\r\n&nbsp;</p>", "date": "2021-08-18T16:51:20.239Z"}}, {"model": "home.jobpost", "pk": 9, "fields": {"position": "Management", "institution": "ARAC", "employment_type": "part-time", "location": "Iraq, Baghdad", "pay": 60000, "img": "pics/kntu_2Al3OJZ.png", "user": 1, "desc": "<p>This job requires the following requirements:</p>\r\n\r\n<p>1) Minimum 5 years experience<br />\r\n2) Bachelors degree in C.S<br />\r\n3) Can Rock Climb<br />\r\n4) Can use multiple straws at the same time while drinking<br />\r\n&nbsp;</p>", "date": "2021-08-18T16:53:50.350Z"}}, {"model": "home.jobpost", "pk": 10, "fields": {"position": "Architect", "institution": "Tesla", "employment_type": "full-time", "location": "China, Shenghai", "pay": 300000, "img": "pics/Recycle_uh2iTSk.png", "user": 1, "desc": "<p>This job requires the following requirements:</p>\r\n\r\n<p>1) Minimum 5 years experience<br />\r\n2) Bachelors degree in C.S<br />\r\n3) Can Rock Climb<br />\r\n4) Can use multiple straws at the same time while drinking<br />\r\n&nbsp;</p>", "date": "2021-08-18T20:34:07.900Z"}}, {"model": "home.jobpost", "pk": 11, "fields": {"position": "Mechanical Engineer", "institution": "Space X", "employment_type": "full-time", "location": "USA, Florida", "pay": 3000, "img": "pics/Downloads.png", "user": 1, "desc": "<p>This job requires the following requirements:</p>\r\n\r\n<p>1) Minimum 5 years experience<br />\r\n2) Bachelors degree in C.S<br />\r\n3) Can Rock Climb<br />\r\n4) Can use multiple straws at the same time while drinking<br />\r\n&nbsp;</p>", "date": "2021-08-18T20:41:51.993Z"}}, {"model": "home.jobpost", "pk": 15, "fields": {"position": "Civil Engineer", "institution": "NASA", "employment_type": "contract", "location": "Iraq, Baghdad", "pay": 987894655, "img": "pics/Music_8vCw1ZT.png", "user": 1, "desc": "<p>This job requires the following requirements:</p>\r\n\r\n<p>1) Minimum 5 years experience<br />\r\n2) Bachelors degree in C.S<br />\r\n3) Can Rock Climb<br />\r\n4) Can use multiple straws at the same time while drinking<br />\r\n&nbsp;</p>", "date": "2021-08-18T21:04:07.413Z"}}, {"model": "home.jobpost", "pk": 16, "fields": {"position": "Management", "institution": "Samsung", "employment_type": "contract", "location": "Iraq, Baghdad", "pay": 334234, "img": "pics/My_Documents_f6jdGzz.png", "user": 1, "desc": "<p>This job requires the following requirements:</p>\r\n\r\n<p>1) Minimum 5 years experience<br />\r\n2) Bachelors degree in C.S<br />\r\n3) Can Rock Climb<br />\r\n4) Can use multiple straws at the same time while drinking<br />\r\n&nbsp;</p>", "date": "2021-08-18T21:07:21.304Z"}}, {"model": "home.jobpost", "pk": 17, "fields": {"position": "Mechanical Engineer", "institution": "NASA", "employment_type": "part-time", "location": "Korea, Seoul", "pay": 9000, "img": "pics/emile-seguin-R9OueKOtGGU-unsplash_6ejO2gT.jpg", "user": 1, "desc": "<p>This is an attempt to answer a question for job id :</p>\r\n\r\n<p><strong>15</strong></p>", "date": "2021-08-30T09:27:17.866Z"}}, {"model": "home.question", "pk": 1, "fields": {"question": "<p>What is your name and what business do you have here?</p>\r\n\r\n<p>Can you do squats?</p>\r\n\r\n<p>Can you blow in a tissue?</p>\r\n\r\n<p>Can you light a house on fire ?</p>", "jobpost": 10, "date": "2021-08-18T20:36:59.861Z"}}, {"model": "home.question", "pk": 7, "fields": {"question": "<p>This is the third test</p>\r\n\r\n<p>&nbsp;</p>\r\n\r\n<p>I am getting pissed</p>", "jobpost": 15, "date": "2021-08-18T21:04:20.299Z"}}, {"model": "home.question", "pk": 8, "fields": {"question": "<p>This is the umpteenth test.&nbsp;</p>\r\n\r\n<p>Must work this time</p>", "jobpost": 16, "date": "2021-08-18T21:07:37.109Z"}}, {"model": "home.question", "pk": 9, "fields": {"question": "<p>This is a test to see if it works.<strong> job id 17</strong></p>", "jobpost": 17, "date": "2021-08-30T09:27:42.262Z"}}, {"model": "home.answer", "pk": 1, "fields": {"answer": "", "question": null, "user": 1, "date": "2021-08-26T14:44:24.632Z"}}, {"model": "home.answer", "pk": 2, "fields": {"answer": "", "question": null, "user": 1, "date": "2021-08-30T09:22:00.459Z"}}, {"model": "home.answer", "pk": 3, "fields": {"answer": "", "question": null, "user": 1, "date": "2021-08-30T09:23:15.456Z"}}, {"model": "home.answer", "pk": 4, "fields": {"answer": "", "question": null, "user": 1, "date": "2021-08-30T09:23:49.170Z"}}, {"model": "home.answer", "pk": 5, "fields": {"answer": "", "question": null, "user": 1, "date": "2021-08-30T09:24:05.176Z"}}, {"model": "home.answer", "pk": 9, "fields": {"answer": "", "question": null, "user": null, "date": "2021-09-03T16:20:52.079Z"}}, {"model": "home.answer", "pk": 10, "fields": {"answer": "", "question": null, "user": null, "date": "2021-09-03T16:25:39.705Z"}}, {"model": "home.answer", "pk": 12, "fields": {"answer": "", "question": 7, "user": null, "date": "2021-09-03T16:30:44.300Z"}}, {"model": "home.answer", "pk": 13, "fields": {"answer": "", "question": 8, "user": 1, "date": "2021-09-03T16:34:17.542Z"}}, {"model": "home.answer", "pk": 14, "fields": {"answer": "", "question": 9, "user": 1, "date": "2021-09-03T16:41:29.671Z"}}, {"model": "home.answer", "pk": 15, "fields": {"answer": "", "question": 7, "user": 1, "date": "2021-09-03T16:45:56.381Z"}}, {"model": "home.answer", "pk": 16, "fields": {"answer": "", "question": 7, "user": 1, "date": "2021-09-03T18:18:20.872Z"}}, {"model": "home.answer", "pk": 17, "fields": {"answer": "", "question": 8, "user": 1, "date": "2021-09-03T18:21:49.662Z"}}, {"model": "home.answer", "pk": 18, "fields": {"answer": "", "question": 8, "user": 1, "date": "2021-09-03T18:23:51.476Z"}}, {"model": "home.answer", "pk": 19, "fields": {"answer": "This is a very small text", "question": 9, "user": 1, "date": "2021-09-03T18:47:11.068Z"}}, {"model": "home.answer", "pk": 20, "fields": {"answer": "this is another test", "question": 9, "user": 1, "date": "2021-09-03T18:49:51.084Z"}}, {"model": "home.answer", "pk": 21, "fields": {"answer": "", "question": 7, "user": 1, "date": "2021-09-03T18:51:05.013Z"}}, {"model": "home.answer", "pk": 22, "fields": {"answer": "", "question": 8, "user": 1, "date": "2021-09-03T18:57:17.340Z"}}, {"model": "home.answer", "pk": 23, "fields": {"answer": "", "question": 9, "user": 1, "date": "2021-09-03T19:06:10.370Z"}}, {"model": "home.answer", "pk": 24, "fields": {"answer": "<p>checking if the answer saves</p>\r\n", "question": 7, "user": 1, "date": "2021-09-03T19:10:01.560Z"}}, {"model": "home.answer", "pk": 25, "fields": {"answer": "<p>Just <em>checking </em>to see if everything<strong> works for th</strong>e final time</p>\r\n\r\n<p>So does it work ?</p>\r\n", "question": 8, "user": 1, "date": "2021-09-03T19:11:45.972Z"}}]